<assembly xmlns="http://maven.apache.org/plugins/maven-assembly-plugin/assembly/1.1.2" xmlns:xsi="http://www.w3.org/2001/XMLSchema-instance" xsi:schemaLocation="http://maven.apache.org/plugins/maven-assembly-plugin/assembly/1.1.2 http://maven.apache.org/xsd/assembly-1.1.2.xsd">

	<id>dist</id>
	<formats>
		<!--<format>tar.gz</format>
		 <format>tar.bz2</format> -->
		<format>zip</format>
	</formats>

	<includeBaseDirectory>false</includeBaseDirectory>

	<fileSets>
		<!-- for drivers and examples -->
		<fileSet>
			<directory>${project.basedir}/../..</directory>
			<outputDirectory>/</outputDirectory>
			<includes>
				<include>README*</include>
				<include>LICENSE*</include>
				<include>NOTICE*</include>
			</includes>
		</fileSet>
		<!-- for webcam-capture artifact only -->
		<fileSet>
			<directory>${project.basedir}/..</directory>
			<outputDirectory>/</outputDirectory>
			<includes>
				<include>README*</include>
				<include>LICENSE*</include>
				<include>NOTICE*</include>
			</includes>
		</fileSet>
		<fileSet>
			<directory>${project.build.directory}</directory>
			<outputDirectory>/</outputDirectory>
			<includes>
				<include>${artifactId}-${version}.jar</include>
				<include>CHANGELOG*</include>
			</includes>
		</fileSet>
		<fileSet>
			<directory>${project.build.directory}/dependencies</directory>
			<outputDirectory>libs</outputDirectory>
			<includes>
				<include>*.jar</include>
			</includes>
		</fileSet>
		<fileSet>
			<directory>${project.basedir}/src/etc/licenses</directory>
			<outputDirectory>license</outputDirectory>
			<includes>
				<include>*.LICENSE</include>
			</includes>
		</fileSet>
		<fileSet>
			<directory>${project.basedir}/../../webcam-capture/src/etc/licenses</directory>
			<outputDirectory>license</outputDirectory>
			<includes>
				<include>*.LICENSE</include>
			</includes>
		</fileSet>
		<fileSet>
			<directory>${project.build.directory}/site/apidocs</directory>
			<outputDirectory>docs/javadoc</outputDirectory>
		</fileSet>
		<fileSet>
			<directory>${project.basedir}/src/main/java</directory>
			<outputDirectory>src</outputDirectory>
		</fileSet>
		<fileSet>
			<directory>${project.basedir}/src/main/resources</directory>
			<outputDirectory>src</outputDirectory>
		</fileSet>
		<fileSet>
			<directory>${project.basedir}/src/example/java</directory>
			<outputDirectory>examples</outputDirectory>
		</fileSet>
	</fileSets>

</assembly>
